아동ID,나이,성별,출석패턴,감정상태,외상유무,낮잠중깸,부정언어표현,그림감정,이상행동점수,보호자형태,소득수준,보호자정서상태,연락빈도,보호자공격성,과거신고이력,가정환경점수,형제자매수,신체접촉반응,교사관찰메모
A0001,4,남아,불규칙,안정,있음,자주,중간,부정,0.59,양부모,높음,안정,높음,약함,없음,4.9,3,회피,낮잠 시간에 울음을 터뜨림
A0002,5,남아,자주결석,안정,없음,드묾,중간,부정,0.5,양부모,높음,우울,중간,약함,없음,4.4,3,회피,지속적인 침묵 상태
A0003,5,남아,정상,공포,없음,없음,낮음,중립,0.39,양부모,낮음,불안,높음,약함,없음,2.0,3,중립,불안정한 표정 지속
A0004,4,남아,정상,위축,없음,드묾,높음,공격적,0.42,양부모,중간,안정,중간,없음,없음,3.2,3,회피,신체 접촉을 회피함
A0005,3,여아,정상,공포,없음,없음,낮음,중립,0.32,양부모,중간,우울,높음,없음,없음,3.3,0,중립,자주 구석에 숨음
A0006,5,여아,정상,안정,없음,없음,낮음,중립,0.33,양부모,중간,안정,낮음,약함,없음,3.4,1,중립,신체 접촉을 회피함
A0007,4,남아,정상,공포,없음,드묾,중간,공격적,0.47,양부모,높음,불안,높음,없음,없음,4.8,2,회피,자주 구석에 숨음
A0008,2,여아,자주결석,위축,없음,없음,낮음,중립,0.31,양부모,높음,불안,중간,없음,없음,4.7,0,중립,낮잠 중 자주 깸
A0009,5,여아,정상,위축,있음,자주,중간,공격적,0.56,양부모,높음,우울,낮음,약함,없음,4.2,1,회피,불안정한 표정 지속
A0010,2,여아,정상,안정,없음,드묾,중간,부정,0.42,편부,낮음,안정,높음,없음,없음,1.7,0,회피,공격적인 놀이 패턴
A0011,5,남아,정상,안정,있음,드묾,높음,공격적,0.53,양부모,중간,안정,높음,없음,없음,2.5,3,중립,자주 구석에 숨음
A0012,2,남아,정상,안정,없음,자주,중간,공격적,0.66,편모,중간,우울,높음,없음,없음,2.7,1,회피,낮잠 중 자주 깸
A0013,3,남아,정상,안정,있음,자주,높음,공격적,0.93,양부모,높음,안정,중간,강함,있음,4.9,2,공포,불안정한 표정 지속
A0014,5,남아,불규칙,안정,있음,자주,높음,공격적,0.89,편부,낮음,안정,높음,없음,없음,2.6,0,공포,신체 접촉을 회피함
A0015,2,여아,정상,안정,없음,자주,중간,공격적,0.6,편모,중간,불안,낮음,없음,없음,2.3,3,회피,지속적인 침묵 상태
A0016,5,남아,정상,공포,없음,자주,높음,부정,0.51,편부,중간,안정,중간,약함,없음,3.6,0,회피,낮잠 중 자주 깸
A0017,5,여아,불규칙,공포,있음,자주,높음,공격적,0.63,양부모,높음,우울,낮음,없음,없음,4.8,3,회피,공격적인 놀이 패턴
A0018,2,남아,정상,안정,있음,자주,높음,공격적,0.41,편모,낮음,안정,높음,약함,없음,5.0,1,중립,지속적인 침묵 상태
A0019,3,남아,자주결석,안정,없음,드묾,중간,부정,0.47,양부모,중간,불안,높음,없음,없음,2.7,3,회피,신체 접촉을 회피함
A0020,2,여아,정상,공포,없음,없음,낮음,중립,0.14,편부,낮음,우울,낮음,강함,없음,0.1,3,중립,낮잠 중 자주 깸
A0021,4,남아,정상,안정,없음,자주,높음,공격적,0.48,양부모,높음,우울,높음,없음,없음,4.0,1,회피,낮잠 시간에 울음을 터뜨림
A0022,3,여아,정상,위축,없음,드묾,높음,공격적,0.58,양부모,높음,안정,높음,없음,없음,4.3,3,회피,교사에게 과도하게 의존함
A0023,2,남아,정상,안정,없음,없음,낮음,중립,0.39,편부,중간,불안,높음,없음,없음,4.3,1,중립,공격적인 놀이 패턴
A0024,2,남아,불규칙,공포,있음,자주,중간,부정,0.57,양부모,낮음,안정,높음,약함,없음,2.5,1,중립,신체 접촉을 회피함
A0025,4,남아,정상,안정,없음,없음,낮음,중립,0.24,편모,중간,안정,높음,약함,없음,2.9,1,중립,낮잠 중 자주 깸
A0026,2,여아,정상,안정,없음,드묾,중간,공격적,0.54,양부모,중간,안정,높음,없음,없음,2.2,3,중립,지속적인 침묵 상태
A0027,2,남아,정상,안정,없음,없음,낮음,중립,0.39,양부모,중간,안정,높음,없음,없음,3.0,3,중립,지속적인 침묵 상태
A0028,5,남아,자주결석,공포,있음,자주,중간,부정,0.57,편모,낮음,불안,낮음,강함,없음,1.7,0,회피,교사에게 과도하게 의존함
A0029,2,남아,정상,안정,없음,없음,낮음,중립,0.32,양부모,높음,불안,높음,없음,없음,4.3,1,중립,공격적인 놀이 패턴
A0030,3,여아,정상,안정,없음,없음,낮음,중립,0.29,편부,중간,안정,높음,없음,없음,3.0,2,중립,지속적인 침묵 상태
A0031,2,남아,불규칙,안정,없음,자주,높음,공격적,0.6,편부,낮음,안정,높음,없음,없음,2.9,0,중립,낮잠 시간에 울음을 터뜨림
A0032,3,남아,정상,안정,없음,없음,낮음,중립,0.38,양부모,낮음,우울,중간,강함,없음,1.9,1,중립,지속적인 침묵 상태
A0033,4,남아,정상,안정,있음,자주,높음,공격적,0.72,양부모,낮음,불안,낮음,강함,있음,2.4,1,공포,자주 구석에 숨음
A0034,5,남아,불규칙,위축,없음,없음,낮음,중립,0.21,양부모,낮음,안정,중간,없음,없음,2.1,1,중립,낮잠 중 자주 깸
A0035,5,남아,정상,공포,없음,없음,낮음,중립,0.15,편모,낮음,안정,높음,없음,없음,2.8,0,중립,낮잠 중 자주 깸
A0036,2,남아,정상,안정,있음,드묾,중간,부정,0.67,편모,낮음,불안,높음,약함,없음,0.6,0,회피,낯선 성인에 과도한 두려움
A0037,3,여아,정상,위축,있음,드묾,높음,공격적,0.51,양부모,높음,우울,높음,약함,없음,4.6,2,회피,불안정한 표정 지속
A0038,2,남아,정상,안정,있음,자주,높음,공격적,0.79,편부,낮음,안정,높음,없음,없음,1.8,3,공포,낮잠 중 자주 깸
A0039,3,여아,정상,안정,없음,없음,낮음,중립,0.34,양부모,중간,안정,높음,약함,없음,2.5,0,중립,지속적인 침묵 상태
A0040,3,여아,정상,공포,있음,자주,높음,공격적,0.84,편부,중간,우울,중간,없음,없음,2.1,1,공포,다른 아이들과 어울리지 않음
A0041,5,남아,자주결석,안정,없음,없음,낮음,중립,0.38,편모,낮음,안정,낮음,약함,없음,3.9,2,중립,낮잠 시간에 울음을 터뜨림
A0042,2,남아,불규칙,위축,없음,없음,낮음,중립,0.23,양부모,높음,안정,높음,약함,없음,4.3,2,중립,다른 아이들과 어울리지 않음
A0043,5,여아,정상,안정,있음,자주,높음,공격적,0.76,양부모,낮음,우울,낮음,약함,없음,4.5,1,공포,다른 아이들과 어울리지 않음
A0044,3,여아,불규칙,공포,없음,드묾,중간,부정,0.54,양부모,중간,불안,높음,없음,없음,3.2,2,중립,자주 구석에 숨음
A0045,5,남아,정상,안정,있음,드묾,중간,공격적,0.69,양부모,낮음,불안,중간,약함,없음,3.2,2,회피,다른 아이들과 어울리지 않음
A0046,4,남아,정상,안정,없음,없음,낮음,중립,0.15,편모,중간,불안,낮음,없음,없음,3.7,0,중립,공격적인 놀이 패턴
A0047,3,여아,정상,위축,없음,없음,낮음,중립,0.24,양부모,중간,불안,높음,없음,없음,3.6,2,중립,지속적인 침묵 상태
A0048,2,남아,정상,안정,없음,드묾,중간,부정,0.52,양부모,높음,안정,낮음,없음,없음,5.0,1,회피,지속적인 침묵 상태
A0049,3,남아,불규칙,안정,없음,자주,높음,부정,0.45,양부모,높음,불안,중간,없음,없음,4.5,1,중립,낯선 성인에 과도한 두려움
A0050,4,남아,정상,안정,없음,없음,낮음,중립,0.35,양부모,낮음,안정,높음,없음,없음,2.2,1,중립,다른 아이들과 어울리지 않음
A0051,4,남아,정상,안정,있음,자주,높음,공격적,0.81,양부모,중간,불안,낮음,약함,없음,1.9,2,공포,다른 아이들과 어울리지 않음
A0052,5,여아,정상,안정,없음,없음,낮음,중립,0.38,양부모,낮음,안정,낮음,없음,없음,2.1,1,중립,교사에게 과도하게 의존함
A0053,5,여아,불규칙,위축,없음,자주,중간,부정,0.56,양부모,낮음,안정,중간,없음,없음,1.2,1,중립,지속적인 침묵 상태
A0054,5,남아,정상,안정,있음,자주,중간,부정,0.46,양부모,높음,안정,높음,없음,없음,4.6,3,중립,불안정한 표정 지속
A0055,2,남아,정상,안정,있음,드묾,중간,부정,0.49,양부모,중간,안정,낮음,없음,없음,3.3,2,회피,지속적인 침묵 상태
A0056,2,여아,정상,안정,있음,드묾,중간,부정,0.54,양부모,중간,우울,높음,약함,없음,3.5,2,중립,낮잠 중 자주 깸
A0057,4,여아,정상,공포,없음,드묾,높음,부정,0.66,편모,낮음,불안,중간,강함,있음,2.8,0,중립,다른 아이들과 어울리지 않음
A0058,2,남아,정상,안정,없음,없음,낮음,중립,0.35,양부모,중간,안정,높음,약함,없음,3.9,2,중립,공격적인 놀이 패턴
A0059,2,여아,정상,위축,없음,드묾,중간,공격적,0.67,편모,중간,안정,높음,약함,없음,3.0,0,회피,낮잠 시간에 울음을 터뜨림
A0060,4,남아,정상,안정,없음,드묾,높음,부정,0.51,양부모,중간,안정,중간,약함,없음,3.9,3,회피,자주 구석에 숨음
A0061,4,여아,자주결석,안정,있음,자주,높음,부정,0.42,양부모,중간,우울,높음,없음,없음,3.6,3,중립,낮잠 시간에 울음을 터뜨림
A0062,5,남아,불규칙,안정,있음,자주,높음,공격적,0.74,양부모,높음,안정,중간,없음,없음,4.7,0,공포,공격적인 놀이 패턴
A0063,4,남아,정상,안정,없음,없음,낮음,중립,0.18,편모,중간,불안,중간,없음,없음,2.4,1,중립,낮잠 시간에 울음을 터뜨림
A0064,3,남아,정상,안정,없음,자주,중간,공격적,0.53,양부모,낮음,안정,높음,없음,없음,2.3,0,회피,공격적인 놀이 패턴
A0065,4,여아,정상,안정,없음,드묾,중간,공격적,0.52,조부모,낮음,불안,높음,약함,없음,3.1,3,중립,낯선 성인에 과도한 두려움
A0066,2,남아,정상,안정,없음,없음,낮음,중립,0.39,양부모,중간,안정,중간,없음,없음,3.2,1,중립,자주 구석에 숨음
A0067,3,남아,정상,안정,있음,자주,높음,공격적,0.82,양부모,높음,안정,중간,약함,없음,4.5,0,공포,공격적인 놀이 패턴
A0068,4,남아,자주결석,위축,없음,자주,중간,부정,0.45,양부모,높음,안정,높음,없음,없음,4.8,2,회피,신체 접촉을 회피함
A0069,2,남아,정상,위축,있음,자주,높음,공격적,0.75,조부모,낮음,안정,높음,없음,없음,1.1,0,공포,자주 구석에 숨음
A0070,4,남아,불규칙,안정,없음,드묾,중간,공격적,0.57,편모,낮음,불안,높음,약함,없음,1.5,3,중립,낯선 성인에 과도한 두려움
A0071,2,여아,정상,위축,있음,드묾,중간,공격적,0.69,양부모,낮음,불안,중간,강함,있음,1.0,3,중립,낮잠 중 자주 깸
A0072,2,남아,정상,안정,있음,드묾,중간,공격적,0.67,양부모,높음,불안,낮음,강함,있음,4.8,0,회피,신체 접촉을 회피함
A0073,4,여아,불규칙,안정,없음,드묾,높음,부정,0.5,양부모,중간,안정,높음,없음,없음,2.6,2,회피,다른 아이들과 어울리지 않음
A0074,3,남아,불규칙,안정,없음,드묾,중간,공격적,0.48,양부모,낮음,안정,낮음,없음,없음,3.5,0,중립,공격적인 놀이 패턴
A0075,4,남아,정상,위축,있음,드묾,중간,공격적,0.66,편모,낮음,우울,중간,약함,없음,1.9,1,중립,공격적인 놀이 패턴
A0076,5,남아,정상,안정,없음,자주,높음,공격적,0.55,조부모,낮음,불안,중간,약함,없음,1.6,0,회피,낮잠 시간에 울음을 터뜨림
A0077,4,여아,정상,안정,있음,자주,중간,부정,0.7,조부모,낮음,불안,낮음,강함,있음,2.0,2,중립,자주 구석에 숨음
A0078,2,여아,불규칙,위축,없음,드묾,높음,부정,0.51,편부,낮음,불안,중간,약함,없음,1.6,0,중립,낯선 성인에 과도한 두려움
A0079,4,여아,정상,안정,없음,없음,낮음,중립,0.35,편모,중간,안정,높음,약함,없음,3.9,2,중립,낯선 성인에 과도한 두려움
A0080,3,남아,정상,위축,없음,없음,낮음,중립,0.25,양부모,중간,우울,높음,없음,없음,1.2,3,중립,자주 구석에 숨음
A0081,2,여아,정상,위축,있음,자주,높음,부정,0.53,양부모,낮음,안정,높음,없음,없음,2.0,1,중립,불안정한 표정 지속
A0082,5,여아,자주결석,안정,있음,자주,높음,공격적,1.0,양부모,높음,안정,높음,약함,없음,4.3,0,공포,다른 아이들과 어울리지 않음
A0083,3,여아,정상,공포,없음,자주,중간,부정,0.63,양부모,낮음,안정,낮음,없음,없음,1.1,0,중립,다른 아이들과 어울리지 않음
A0084,2,남아,정상,안정,없음,자주,중간,공격적,0.67,조부모,낮음,안정,중간,없음,없음,1.7,1,중립,지속적인 침묵 상태
A0085,3,여아,정상,안정,없음,자주,높음,공격적,0.59,양부모,높음,불안,높음,없음,없음,4.7,1,회피,불안정한 표정 지속
A0086,3,여아,자주결석,공포,있음,자주,높음,공격적,0.95,편모,중간,우울,높음,없음,없음,2.9,0,공포,신체 접촉을 회피함
A0087,2,남아,정상,공포,없음,자주,중간,부정,0.49,편부,낮음,안정,낮음,없음,없음,2.1,3,중립,지속적인 침묵 상태
A0088,2,남아,불규칙,공포,있음,드묾,중간,부정,0.68,양부모,중간,불안,중간,없음,없음,3.3,3,중립,낮잠 중 자주 깸
A0089,2,남아,정상,안정,없음,없음,낮음,중립,0.27,편부,중간,불안,중간,강함,없음,3.1,2,중립,교사에게 과도하게 의존함
A0090,4,여아,정상,위축,있음,자주,높음,공격적,0.55,양부모,중간,불안,높음,없음,없음,2.5,0,회피,신체 접촉을 회피함
A0091,2,남아,정상,안정,있음,자주,중간,부정,0.42,양부모,중간,우울,낮음,약함,없음,2.2,3,중립,낯선 성인에 과도한 두려움
A0092,5,남아,불규칙,공포,있음,자주,중간,공격적,0.6,편모,낮음,안정,높음,없음,없음,1.3,0,중립,교사에게 과도하게 의존함
A0093,4,여아,불규칙,안정,없음,없음,낮음,중립,0.39,양부모,높음,안정,높음,약함,없음,4.7,3,중립,불안정한 표정 지속
A0094,3,여아,불규칙,안정,있음,자주,높음,공격적,0.59,편부,낮음,불안,낮음,약함,없음,1.4,1,회피,공격적인 놀이 패턴
A0095,2,여아,정상,공포,있음,자주,높음,부정,0.6,양부모,중간,안정,높음,없음,없음,2.9,0,중립,지속적인 침묵 상태
A0096,5,여아,정상,공포,있음,자주,높음,공격적,0.83,양부모,중간,안정,높음,없음,없음,3.3,3,공포,자주 구석에 숨음
A0097,4,여아,자주결석,안정,있음,자주,높음,공격적,0.89,양부모,낮음,불안,낮음,강함,있음,2.7,2,공포,불안정한 표정 지속
A0098,3,남아,불규칙,안정,있음,드묾,중간,공격적,0.53,양부모,중간,안정,높음,강함,없음,3.8,0,회피,지속적인 침묵 상태
A0099,2,남아,불규칙,안정,없음,자주,높음,공격적,0.41,양부모,낮음,안정,높음,없음,없음,2.6,3,중립,낯선 성인에 과도한 두려움
A0100,4,남아,정상,공포,있음,자주,높음,공격적,0.84,양부모,높음,우울,낮음,약함,없음,4.9,2,공포,다른 아이들과 어울리지 않음
A0101,4,여아,정상,안정,있음,자주,높음,공격적,0.77,양부모,높음,안정,높음,없음,없음,4.6,0,공포,낮잠 중 자주 깸
A0102,2,남아,정상,안정,있음,자주,높음,공격적,0.83,편부,낮음,안정,높음,없음,없음,3.2,3,공포,낮잠 중 자주 깸
A0103,3,여아,정상,안정,없음,없음,낮음,중립,0.23,편모,중간,우울,낮음,약함,없음,3.8,1,중립,교사에게 과도하게 의존함
A0104,5,남아,정상,안정,있음,자주,높음,공격적,1.0,양부모,높음,불안,낮음,약함,없음,4.6,1,공포,자주 구석에 숨음
A0105,3,여아,정상,안정,있음,자주,높음,공격적,0.75,양부모,중간,안정,높음,없음,없음,4.2,0,공포,다른 아이들과 어울리지 않음
A0106,2,여아,정상,안정,있음,자주,중간,공격적,0.46,양부모,중간,불안,높음,없음,없음,3.2,2,중립,교사에게 과도하게 의존함
A0107,2,남아,정상,안정,없음,없음,낮음,중립,0.18,양부모,높음,우울,높음,없음,없음,5.0,0,중립,다른 아이들과 어울리지 않음
A0108,2,여아,정상,안정,없음,없음,낮음,중립,0.24,양부모,높음,불안,중간,없음,없음,4.0,1,중립,다른 아이들과 어울리지 않음
A0109,5,남아,정상,안정,없음,없음,낮음,중립,0.25,양부모,높음,안정,높음,없음,없음,4.7,2,중립,교사에게 과도하게 의존함
A0110,4,남아,정상,안정,있음,자주,중간,부정,0.51,양부모,중간,안정,높음,없음,없음,2.3,1,중립,신체 접촉을 회피함
A0111,3,여아,불규칙,안정,있음,드묾,높음,공격적,0.62,양부모,높음,우울,중간,강함,있음,4.3,1,중립,지속적인 침묵 상태
A0112,3,여아,정상,위축,없음,자주,높음,공격적,0.57,양부모,중간,우울,낮음,약함,없음,3.4,0,중립,공격적인 놀이 패턴
A0113,3,남아,정상,안정,없음,없음,낮음,중립,0.18,편부,낮음,불안,낮음,약함,없음,1.5,1,중립,교사에게 과도하게 의존함
A0114,3,남아,자주결석,안정,있음,자주,중간,부정,0.66,양부모,높음,불안,중간,약함,없음,4.4,2,회피,낯선 성인에 과도한 두려움
A0115,5,남아,정상,안정,없음,없음,낮음,중립,0.07,양부모,중간,안정,높음,없음,없음,3.9,3,중립,지속적인 침묵 상태
A0116,5,남아,불규칙,공포,있음,드묾,중간,공격적,0.52,양부모,중간,안정,중간,약함,없음,4.1,0,회피,낮잠 중 자주 깸
A0117,4,남아,정상,공포,없음,없음,낮음,중립,0.26,양부모,중간,안정,높음,없음,없음,3.3,0,중립,교사에게 과도하게 의존함
A0118,4,여아,정상,안정,없음,드묾,중간,부정,0.55,양부모,낮음,우울,낮음,강함,없음,2.1,2,중립,낮잠 시간에 울음을 터뜨림
A0119,4,남아,정상,위축,없음,없음,낮음,중립,0.34,편모,낮음,불안,낮음,강함,없음,4.3,2,중립,공격적인 놀이 패턴
A0120,3,여아,정상,안정,없음,드묾,중간,부정,0.54,양부모,높음,안정,낮음,약함,없음,4.6,2,회피,공격적인 놀이 패턴
A0121,5,남아,정상,안정,있음,자주,높음,공격적,0.41,편부,낮음,불안,높음,약함,없음,1.1,2,회피,불안정한 표정 지속
A0122,3,여아,정상,위축,있음,자주,높음,부정,0.63,편모,낮음,안정,중간,약함,없음,1.5,3,중립,자주 구석에 숨음
A0123,4,여아,불규칙,안정,있음,자주,높음,공격적,0.73,양부모,높음,안정,낮음,약함,없음,5.0,3,공포,신체 접촉을 회피함
A0124,4,여아,정상,안정,있음,자주,높음,공격적,0.84,양부모,중간,안정,낮음,없음,없음,2.9,2,공포,신체 접촉을 회피함
A0125,3,여아,정상,안정,있음,자주,높음,공격적,0.76,양부모,중간,안정,낮음,없음,없음,1.4,1,공포,낮잠 중 자주 깸
A0126,2,여아,불규칙,위축,없음,자주,높음,공격적,0.65,양부모,높음,불안,높음,없음,없음,4.2,0,회피,낮잠 시간에 울음을 터뜨림
A0127,3,여아,정상,안정,없음,없음,낮음,중립,0.27,양부모,높음,불안,낮음,강함,없음,4.0,1,중립,교사에게 과도하게 의존함
A0128,4,남아,불규칙,안정,없음,없음,낮음,중립,0.1,양부모,높음,불안,중간,없음,없음,4.9,2,중립,교사에게 과도하게 의존함
A0129,5,여아,정상,위축,없음,드묾,높음,공격적,0.41,조부모,낮음,우울,낮음,약함,없음,4.6,0,회피,교사에게 과도하게 의존함
A0130,3,남아,불규칙,위축,없음,자주,높음,공격적,0.56,편모,낮음,안정,높음,없음,없음,0.0,3,중립,불안정한 표정 지속
A0131,5,남아,정상,안정,있음,드묾,중간,공격적,0.65,양부모,높음,불안,높음,없음,없음,4.4,0,중립,불안정한 표정 지속
A0132,3,남아,정상,위축,없음,없음,낮음,중립,0.2,양부모,높음,안정,높음,없음,없음,4.8,0,중립,교사에게 과도하게 의존함
A0133,5,여아,정상,안정,없음,없음,낮음,중립,0.35,양부모,중간,우울,높음,없음,없음,3.6,2,중립,교사에게 과도하게 의존함
A0134,4,남아,정상,안정,있음,자주,중간,공격적,0.42,조부모,낮음,안정,높음,없음,없음,1.6,3,회피,공격적인 놀이 패턴
A0135,4,여아,정상,안정,없음,자주,높음,공격적,0.58,양부모,높음,안정,중간,약함,없음,4.8,3,중립,교사에게 과도하게 의존함
A0136,4,여아,정상,안정,없음,자주,중간,부정,0.42,편모,낮음,불안,높음,강함,없음,3.0,3,회피,자주 구석에 숨음
A0137,2,남아,정상,공포,있음,드묾,중간,공격적,0.57,양부모,중간,우울,높음,없음,없음,1.3,0,중립,낮잠 중 자주 깸
A0138,5,여아,정상,공포,없음,없음,낮음,중립,0.38,양부모,중간,불안,높음,없음,없음,2.9,3,중립,낮잠 시간에 울음을 터뜨림
A0139,3,남아,정상,공포,없음,없음,낮음,중립,0.38,양부모,중간,우울,높음,없음,없음,2.9,0,중립,공격적인 놀이 패턴
A0140,4,남아,불규칙,안정,없음,드묾,높음,부정,0.46,조부모,낮음,우울,높음,약함,없음,1.6,0,회피,공격적인 놀이 패턴
A0141,2,남아,자주결석,안정,없음,없음,낮음,중립,0.29,양부모,높음,불안,높음,없음,없음,4.6,1,중립,낯선 성인에 과도한 두려움
A0142,3,여아,정상,공포,있음,자주,중간,부정,0.49,양부모,낮음,불안,중간,약함,없음,1.6,0,중립,교사에게 과도하게 의존함
A0143,2,여아,정상,공포,없음,자주,중간,부정,0.57,양부모,높음,안정,중간,없음,없음,5.0,1,중립,교사에게 과도하게 의존함
A0144,2,남아,정상,안정,있음,자주,높음,부정,0.5,양부모,높음,안정,높음,약함,없음,4.7,2,회피,신체 접촉을 회피함
A0145,2,남아,정상,안정,없음,드묾,중간,부정,0.46,양부모,중간,우울,높음,없음,없음,3.4,3,중립,낮잠 중 자주 깸
A0146,3,남아,정상,안정,없음,자주,높음,공격적,0.65,양부모,중간,안정,낮음,약함,없음,4.1,3,중립,공격적인 놀이 패턴
A0147,2,남아,정상,위축,있음,드묾,중간,공격적,0.65,편모,낮음,안정,높음,없음,없음,2.0,1,회피,신체 접촉을 회피함
A0148,5,남아,정상,안정,있음,드묾,중간,부정,0.42,양부모,중간,우울,높음,없음,없음,4.3,3,중립,교사에게 과도하게 의존함
A0149,5,여아,정상,안정,있음,자주,높음,공격적,0.82,양부모,높음,불안,낮음,약함,없음,5.0,0,공포,공격적인 놀이 패턴
A0150,4,남아,불규칙,안정,없음,없음,낮음,중립,0.32,편모,중간,안정,높음,없음,없음,3.5,1,중립,지속적인 침묵 상태
A0151,5,여아,정상,안정,없음,자주,중간,부정,0.67,조부모,낮음,불안,낮음,강함,있음,3.7,2,중립,낮잠 중 자주 깸
A0152,2,남아,불규칙,안정,없음,드묾,중간,부정,0.42,양부모,중간,안정,낮음,약함,없음,3.5,1,중립,신체 접촉을 회피함
A0153,4,남아,자주결석,공포,있음,드묾,높음,공격적,0.45,편부,낮음,안정,중간,강함,없음,1.3,2,중립,낮잠 시간에 울음을 터뜨림
A0154,3,여아,불규칙,안정,없음,자주,높음,공격적,0.53,양부모,중간,불안,높음,약함,없음,2.1,2,중립,낮잠 시간에 울음을 터뜨림
A0155,3,남아,불규칙,안정,있음,자주,높음,공격적,0.73,편모,낮음,안정,높음,없음,없음,2.6,0,공포,다른 아이들과 어울리지 않음
A0156,5,여아,자주결석,안정,없음,없음,낮음,중립,0.34,편모,낮음,우울,낮음,강함,없음,0.6,0,중립,낮잠 중 자주 깸
A0157,2,여아,정상,안정,있음,드묾,중간,부정,0.45,양부모,중간,안정,중간,없음,없음,4.1,1,중립,낮잠 중 자주 깸
A0158,5,남아,정상,공포,있음,자주,높음,공격적,0.5,양부모,낮음,불안,높음,약함,없음,2.8,2,회피,낮잠 중 자주 깸
A0159,3,여아,정상,안정,없음,드묾,높음,공격적,0.52,편모,낮음,불안,중간,약함,없음,1.3,2,중립,자주 구석에 숨음
A0160,3,여아,정상,안정,없음,없음,낮음,중립,0.34,양부모,높음,안정,높음,약함,없음,4.4,3,중립,낮잠 시간에 울음을 터뜨림
A0161,4,남아,정상,안정,없음,자주,높음,공격적,0.51,양부모,중간,안정,높음,약함,없음,1.9,1,중립,불안정한 표정 지속
A0162,2,남아,정상,안정,있음,자주,높음,공격적,0.77,편모,낮음,불안,낮음,약함,없음,1.5,0,공포,교사에게 과도하게 의존함
A0163,4,남아,정상,위축,없음,자주,높음,부정,0.58,양부모,높음,우울,중간,강함,없음,4.3,0,중립,불안정한 표정 지속
A0164,5,남아,자주결석,안정,없음,자주,중간,부정,0.56,양부모,높음,우울,높음,없음,없음,4.7,1,중립,낮잠 중 자주 깸
A0165,3,여아,불규칙,안정,없음,드묾,중간,공격적,0.55,양부모,중간,안정,낮음,약함,없음,4.1,2,회피,공격적인 놀이 패턴
A0166,4,여아,정상,위축,없음,드묾,중간,부정,0.44,양부모,중간,안정,높음,없음,없음,3.6,0,회피,공격적인 놀이 패턴
A0167,4,남아,불규칙,안정,없음,드묾,중간,부정,0.57,양부모,낮음,안정,높음,약함,없음,2.7,2,중립,낮잠 시간에 울음을 터뜨림
A0168,4,남아,정상,안정,없음,없음,낮음,중립,0.39,양부모,중간,우울,높음,없음,없음,2.7,1,중립,교사에게 과도하게 의존함
A0169,4,여아,정상,위축,없음,자주,높음,공격적,0.67,조부모,낮음,불안,중간,강함,있음,4.2,3,회피,교사에게 과도하게 의존함
A0170,3,남아,정상,안정,없음,없음,낮음,중립,0.16,편모,중간,안정,중간,없음,없음,3.5,1,중립,다른 아이들과 어울리지 않음
A0171,2,남아,정상,안정,있음,자주,높음,공격적,0.75,양부모,중간,안정,높음,약함,없음,3.2,0,공포,낮잠 중 자주 깸
A0172,4,남아,정상,위축,없음,없음,낮음,중립,0.4,편부,중간,우울,높음,없음,없음,2.2,1,중립,낮잠 시간에 울음을 터뜨림
A0173,5,여아,자주결석,안정,없음,자주,높음,부정,0.62,편모,중간,안정,낮음,없음,없음,2.4,3,중립,공격적인 놀이 패턴
A0174,4,여아,정상,공포,있음,자주,높음,공격적,0.66,양부모,중간,안정,높음,없음,없음,4.6,3,중립,불안정한 표정 지속
A0175,5,여아,정상,안정,없음,자주,중간,부정,0.56,양부모,중간,안정,높음,없음,없음,2.7,3,중립,지속적인 침묵 상태
A0176,2,여아,정상,위축,있음,자주,높음,공격적,0.71,양부모,높음,불안,높음,강함,있음,4.5,3,공포,낯선 성인에 과도한 두려움
A0177,5,여아,불규칙,공포,없음,없음,낮음,중립,0.26,편모,중간,불안,중간,없음,없음,3.6,1,중립,교사에게 과도하게 의존함
A0178,3,여아,정상,위축,없음,없음,낮음,중립,0.37,양부모,중간,우울,중간,약함,없음,1.8,0,중립,다른 아이들과 어울리지 않음
A0179,2,남아,정상,공포,없음,드묾,중간,공격적,0.51,양부모,높음,안정,중간,약함,없음,5.0,2,회피,교사에게 과도하게 의존함
A0180,5,남아,자주결석,위축,없음,드묾,중간,공격적,0.56,양부모,높음,안정,높음,약함,없음,5.0,0,회피,낮잠 시간에 울음을 터뜨림
A0181,3,여아,불규칙,안정,없음,자주,높음,부정,0.52,편부,낮음,안정,중간,없음,없음,0.0,2,중립,불안정한 표정 지속
A0182,5,여아,불규칙,안정,없음,자주,중간,부정,0.45,양부모,중간,불안,중간,없음,없음,3.3,2,회피,공격적인 놀이 패턴
A0183,5,남아,정상,안정,있음,자주,높음,공격적,0.75,양부모,높음,우울,높음,없음,없음,4.4,2,공포,낮잠 시간에 울음을 터뜨림
A0184,5,여아,정상,공포,없음,없음,낮음,중립,0.28,양부모,높음,우울,높음,없음,없음,4.5,0,중립,낮잠 시간에 울음을 터뜨림
A0185,3,남아,정상,위축,없음,없음,낮음,중립,0.22,양부모,중간,우울,높음,약함,없음,2.4,0,중립,교사에게 과도하게 의존함
A0186,2,남아,자주결석,위축,없음,드묾,중간,공격적,0.5,양부모,높음,안정,낮음,약함,없음,4.6,1,회피,공격적인 놀이 패턴
A0187,2,여아,정상,위축,없음,자주,중간,부정,0.63,양부모,높음,불안,낮음,약함,없음,4.3,1,중립,낮잠 중 자주 깸
A0188,5,남아,정상,위축,있음,자주,높음,공격적,0.84,양부모,낮음,불안,중간,약함,없음,3.6,1,공포,신체 접촉을 회피함
A0189,2,남아,불규칙,안정,있음,자주,중간,공격적,0.53,양부모,높음,우울,중간,없음,없음,4.4,1,회피,지속적인 침묵 상태
A0190,4,여아,정상,안정,있음,자주,높음,공격적,1.0,양부모,중간,우울,중간,약함,없음,4.0,3,공포,공격적인 놀이 패턴
A0191,4,여아,정상,안정,없음,드묾,높음,공격적,0.48,조부모,낮음,안정,높음,없음,없음,3.0,2,회피,낮잠 시간에 울음을 터뜨림
A0192,4,여아,정상,공포,없음,자주,높음,공격적,0.64,편모,낮음,안정,낮음,약함,없음,3.1,3,중립,공격적인 놀이 패턴
A0193,3,남아,정상,위축,있음,자주,높음,공격적,0.79,조부모,낮음,우울,높음,강함,있음,1.6,0,공포,다른 아이들과 어울리지 않음
A0194,5,여아,자주결석,위축,있음,드묾,높음,공격적,0.54,편모,중간,안정,높음,약함,없음,2.3,2,중립,공격적인 놀이 패턴
A0195,4,남아,정상,위축,있음,자주,높음,공격적,0.85,양부모,높음,우울,높음,약함,없음,4.7,1,공포,다른 아이들과 어울리지 않음
A0196,5,여아,정상,위축,없음,없음,낮음,중립,0.28,편부,낮음,안정,높음,없음,없음,1.3,2,중립,낯선 성인에 과도한 두려움
A0197,2,남아,정상,안정,있음,자주,높음,공격적,0.8,양부모,중간,우울,높음,없음,없음,3.9,1,공포,낮잠 중 자주 깸
A0198,3,여아,정상,안정,없음,없음,낮음,중립,0.28,양부모,높음,우울,중간,없음,없음,4.2,3,중립,공격적인 놀이 패턴
A0199,3,남아,불규칙,안정,없음,없음,낮음,중립,0.33,양부모,중간,불안,높음,없음,없음,3.6,1,중립,낮잠 중 자주 깸
A0200,2,여아,자주결석,안정,있음,드묾,높음,부정,0.54,편부,낮음,우울,낮음,약함,없음,2.6,2,회피,낯선 성인에 과도한 두려움
A0201,2,여아,정상,안정,없음,드묾,높음,부정,0.65,편모,낮음,안정,높음,없음,없음,1.6,2,회피,공격적인 놀이 패턴
A0202,2,여아,정상,공포,없음,드묾,중간,부정,0.46,양부모,낮음,안정,중간,약함,없음,2.0,3,중립,불안정한 표정 지속
A0203,3,여아,정상,위축,있음,자주,높음,공격적,0.54,양부모,중간,안정,낮음,약함,없음,3.3,2,중립,낮잠 시간에 울음을 터뜨림
A0204,2,여아,정상,안정,있음,드묾,중간,공격적,0.53,양부모,중간,안정,낮음,약함,없음,3.1,0,중립,낮잠 시간에 울음을 터뜨림
A0205,5,여아,정상,위축,있음,자주,중간,공격적,0.56,편모,낮음,우울,낮음,약함,없음,1.7,0,중립,공격적인 놀이 패턴
A0206,5,여아,정상,안정,없음,드묾,중간,공격적,0.45,양부모,높음,안정,높음,없음,없음,5.0,0,회피,낮잠 중 자주 깸
A0207,3,여아,정상,안정,없음,없음,낮음,중립,0.26,편모,중간,불안,중간,약함,없음,4.2,3,중립,낮잠 중 자주 깸
A0208,4,남아,정상,안정,있음,자주,높음,공격적,0.57,양부모,높음,안정,낮음,강함,없음,4.8,0,회피,신체 접촉을 회피함
A0209,4,남아,정상,위축,있음,자주,높음,부정,0.53,양부모,중간,불안,높음,약함,없음,3.6,1,회피,지속적인 침묵 상태
A0210,5,남아,정상,공포,없음,자주,높음,공격적,0.41,양부모,낮음,불안,중간,강함,없음,2.5,1,회피,다른 아이들과 어울리지 않음
A0211,5,남아,정상,안정,있음,자주,높음,공격적,0.72,편부,낮음,안정,중간,없음,없음,1.5,3,공포,교사에게 과도하게 의존함
A0212,2,여아,자주결석,공포,없음,드묾,높음,부정,0.63,편모,낮음,안정,중간,약함,없음,0.4,0,중립,교사에게 과도하게 의존함
A0213,4,남아,정상,안정,없음,드묾,높음,공격적,0.5,양부모,중간,안정,낮음,없음,없음,3.0,1,회피,다른 아이들과 어울리지 않음
A0214,2,여아,정상,안정,없음,없음,낮음,중립,0.34,편모,낮음,우울,낮음,강함,없음,2.4,3,중립,지속적인 침묵 상태
A0215,4,남아,정상,안정,없음,드묾,중간,부정,0.61,양부모,낮음,불안,높음,강함,있음,0.0,1,회피,자주 구석에 숨음
A0216,5,남아,정상,안정,없음,없음,낮음,중립,0.38,양부모,중간,우울,높음,없음,없음,3.0,2,중립,신체 접촉을 회피함
A0217,5,남아,정상,안정,있음,드묾,중간,부정,0.48,양부모,중간,우울,중간,없음,없음,3.9,0,중립,신체 접촉을 회피함
A0218,3,남아,불규칙,공포,없음,없음,낮음,중립,0.34,조부모,낮음,불안,중간,강함,없음,0.5,0,중립,공격적인 놀이 패턴
A0219,4,남아,정상,위축,있음,자주,중간,부정,0.46,편부,낮음,안정,중간,약함,없음,2.5,0,회피,신체 접촉을 회피함
A0220,2,남아,정상,안정,없음,드묾,높음,부정,0.41,양부모,높음,안정,중간,없음,없음,4.5,2,회피,공격적인 놀이 패턴
A0221,2,남아,불규칙,위축,있음,자주,높음,공격적,0.71,양부모,중간,안정,높음,없음,없음,3.3,0,공포,신체 접촉을 회피함
A0222,2,여아,정상,안정,있음,자주,높음,공격적,0.77,양부모,높음,안정,높음,없음,없음,4.2,3,공포,불안정한 표정 지속
A0223,3,남아,불규칙,위축,있음,자주,높음,공격적,0.8,양부모,낮음,우울,중간,약함,없음,1.1,2,공포,낮잠 시간에 울음을 터뜨림
A0224,3,여아,정상,안정,없음,자주,중간,공격적,0.55,양부모,높음,안정,높음,없음,없음,5.0,1,회피,낮잠 중 자주 깸
A0225,2,남아,정상,공포,없음,없음,낮음,중립,0.32,양부모,중간,불안,높음,없음,없음,2.2,1,중립,불안정한 표정 지속
A0226,2,여아,정상,안정,없음,드묾,중간,공격적,0.42,양부모,높음,안정,높음,없음,없음,4.8,0,중립,다른 아이들과 어울리지 않음
A0227,5,남아,정상,안정,없음,없음,낮음,중립,0.12,양부모,중간,안정,낮음,약함,없음,2.7,1,중립,교사에게 과도하게 의존함
A0228,2,여아,정상,안정,있음,자주,높음,공격적,0.88,양부모,중간,안정,낮음,없음,없음,2.9,1,공포,낮잠 시간에 울음을 터뜨림
A0229,4,남아,자주결석,안정,없음,드묾,중간,부정,0.54,편모,낮음,안정,높음,없음,없음,3.4,2,중립,낮잠 중 자주 깸
A0230,4,여아,불규칙,공포,없음,없음,낮음,중립,0.23,양부모,높음,안정,낮음,없음,없음,4.7,0,중립,다른 아이들과 어울리지 않음
A0231,2,여아,불규칙,위축,없음,없음,낮음,중립,0.35,양부모,높음,불안,낮음,약함,없음,4.1,2,중립,교사에게 과도하게 의존함
A0232,3,여아,불규칙,위축,있음,드묾,중간,공격적,0.58,편부,중간,안정,높음,없음,없음,3.3,3,중립,지속적인 침묵 상태
A0233,2,여아,정상,안정,없음,자주,높음,공격적,0.53,양부모,중간,불안,높음,없음,없음,4.3,2,회피,자주 구석에 숨음
A0234,2,여아,자주결석,안정,있음,자주,높음,공격적,0.85,양부모,높음,불안,높음,없음,없음,4.3,0,공포,자주 구석에 숨음
A0235,2,여아,정상,안정,없음,없음,낮음,중립,0.17,양부모,높음,안정,낮음,없음,없음,4.6,0,중립,자주 구석에 숨음
A0236,4,남아,불규칙,위축,없음,없음,낮음,중립,0.4,양부모,높음,우울,중간,없음,없음,4.5,1,중립,교사에게 과도하게 의존함
A0237,3,남아,불규칙,안정,있음,드묾,중간,공격적,0.49,편모,낮음,우울,중간,강함,없음,2.3,2,회피,자주 구석에 숨음
A0238,5,남아,정상,안정,있음,자주,높음,공격적,0.74,양부모,중간,우울,높음,없음,없음,2.9,1,공포,불안정한 표정 지속
A0239,5,남아,정상,안정,없음,드묾,높음,공격적,0.59,양부모,높음,안정,높음,없음,없음,4.1,3,중립,낯선 성인에 과도한 두려움
A0240,3,여아,정상,안정,없음,자주,중간,부정,0.7,양부모,높음,불안,낮음,강함,있음,4.3,1,회피,교사에게 과도하게 의존함
A0241,5,남아,불규칙,안정,있음,자주,높음,부정,0.57,편모,낮음,불안,중간,약함,없음,1.5,3,중립,낮잠 중 자주 깸
A0242,4,남아,정상,안정,없음,없음,낮음,중립,0.17,양부모,높음,안정,높음,없음,없음,5.0,1,중립,다른 아이들과 어울리지 않음
A0243,3,남아,정상,안정,없음,드묾,중간,공격적,0.67,편모,낮음,우울,낮음,약함,없음,0.0,1,중립,자주 구석에 숨음
A0244,5,여아,불규칙,위축,있음,드묾,중간,공격적,0.62,편모,낮음,안정,낮음,없음,없음,1.2,1,회피,신체 접촉을 회피함
A0245,4,남아,불규칙,안정,있음,자주,높음,공격적,0.79,편부,낮음,안정,높음,없음,없음,2.0,2,공포,낮잠 시간에 울음을 터뜨림
A0246,2,남아,불규칙,안정,없음,없음,낮음,중립,0.0,편모,낮음,불안,중간,강함,없음,3.0,1,중립,다른 아이들과 어울리지 않음
A0247,4,여아,불규칙,공포,없음,자주,중간,공격적,0.56,양부모,높음,안정,높음,없음,없음,4.2,1,중립,자주 구석에 숨음
A0248,4,남아,불규칙,안정,있음,드묾,중간,부정,0.49,편모,낮음,불안,중간,약함,없음,1.5,0,회피,공격적인 놀이 패턴
A0249,3,여아,정상,안정,없음,자주,높음,공격적,0.53,양부모,낮음,안정,중간,없음,없음,2.4,2,중립,지속적인 침묵 상태
A0250,4,남아,불규칙,공포,없음,자주,중간,공격적,0.61,편부,낮음,안정,낮음,약함,없음,2.4,1,중립,불안정한 표정 지속
A0251,5,여아,정상,위축,있음,자주,높음,공격적,0.71,양부모,높음,안정,중간,약함,없음,4.5,2,공포,낯선 성인에 과도한 두려움
A0252,4,남아,정상,안정,없음,없음,낮음,중립,0.32,양부모,중간,안정,낮음,없음,없음,3.5,1,중립,다른 아이들과 어울리지 않음
A0253,3,남아,정상,공포,있음,드묾,높음,부정,0.49,양부모,중간,불안,높음,없음,없음,2.4,2,회피,공격적인 놀이 패턴
A0254,4,여아,자주결석,안정,없음,드묾,중간,공격적,0.56,양부모,중간,안정,높음,없음,없음,1.8,1,중립,신체 접촉을 회피함
A0255,4,남아,정상,위축,없음,없음,낮음,중립,0.34,편모,낮음,안정,중간,약함,없음,1.3,1,중립,다른 아이들과 어울리지 않음
A0256,5,남아,불규칙,안정,없음,없음,낮음,중립,0.34,양부모,중간,안정,중간,없음,없음,2.1,1,중립,불안정한 표정 지속
A0257,5,여아,불규칙,위축,있음,자주,높음,공격적,0.92,양부모,중간,안정,높음,없음,없음,2.9,2,공포,낮잠 시간에 울음을 터뜨림
A0258,3,여아,불규칙,안정,있음,자주,높음,공격적,0.76,양부모,높음,불안,낮음,없음,없음,4.5,3,공포,낯선 성인에 과도한 두려움
A0259,5,여아,불규칙,위축,있음,자주,중간,공격적,0.42,양부모,높음,안정,중간,약함,없음,4.3,1,중립,낮잠 중 자주 깸
A0260,4,여아,정상,위축,있음,자주,높음,공격적,0.88,양부모,중간,우울,높음,없음,없음,4.7,2,공포,다른 아이들과 어울리지 않음
A0261,5,여아,불규칙,위축,있음,자주,중간,공격적,0.46,양부모,높음,안정,높음,없음,없음,4.5,1,회피,낮잠 중 자주 깸
A0262,4,여아,자주결석,안정,없음,없음,낮음,중립,0.17,양부모,중간,불안,높음,없음,없음,2.4,2,중립,자주 구석에 숨음
A0263,5,남아,정상,안정,있음,자주,높음,공격적,0.8,양부모,중간,안정,중간,강함,있음,2.9,3,공포,다른 아이들과 어울리지 않음
A0264,4,남아,불규칙,안정,있음,자주,높음,부정,0.54,양부모,중간,우울,낮음,약함,없음,3.1,0,중립,공격적인 놀이 패턴
A0265,4,여아,정상,안정,없음,없음,낮음,중립,0.24,편부,중간,불안,낮음,약함,없음,1.6,3,중립,지속적인 침묵 상태
A0266,5,여아,자주결석,공포,있음,자주,높음,공격적,0.74,양부모,높음,불안,높음,약함,없음,4.6,1,공포,신체 접촉을 회피함
A0267,3,남아,자주결석,위축,있음,드묾,높음,공격적,0.66,양부모,중간,우울,낮음,약함,없음,2.3,0,회피,지속적인 침묵 상태
A0268,4,남아,정상,안정,있음,자주,중간,부정,0.67,양부모,낮음,불안,중간,약함,없음,1.1,0,회피,낮잠 시간에 울음을 터뜨림
A0269,5,남아,불규칙,안정,있음,자주,높음,공격적,0.79,양부모,높음,안정,낮음,없음,없음,4.6,0,공포,교사에게 과도하게 의존함
A0270,5,여아,정상,안정,없음,자주,높음,부정,0.42,양부모,높음,안정,높음,없음,없음,4.4,3,중립,낮잠 시간에 울음을 터뜨림
A0271,2,여아,정상,공포,없음,자주,높음,부정,0.67,양부모,중간,불안,높음,없음,없음,2.2,2,중립,불안정한 표정 지속
A0272,2,남아,정상,공포,있음,자주,높음,공격적,0.81,양부모,높음,안정,낮음,강함,있음,4.3,1,공포,공격적인 놀이 패턴
A0273,4,여아,정상,안정,있음,자주,높음,공격적,0.8,편부,중간,불안,높음,없음,없음,4.5,3,공포,교사에게 과도하게 의존함
A0274,4,남아,정상,위축,있음,자주,높음,부정,0.57,양부모,중간,우울,중간,없음,없음,4.2,1,회피,낮잠 중 자주 깸
A0275,5,여아,자주결석,공포,없음,없음,낮음,중립,0.32,양부모,낮음,안정,낮음,없음,없음,3.2,3,중립,교사에게 과도하게 의존함
A0276,2,남아,정상,안정,있음,자주,높음,공격적,0.75,양부모,낮음,우울,중간,강함,있음,1.1,3,공포,교사에게 과도하게 의존함
A0277,2,남아,정상,안정,있음,자주,높음,공격적,1.0,양부모,중간,불안,높음,없음,없음,2.6,3,공포,자주 구석에 숨음
A0278,2,여아,정상,안정,없음,없음,낮음,중립,0.3,편부,낮음,불안,낮음,강함,없음,3.0,2,중립,불안정한 표정 지속
A0279,2,남아,불규칙,공포,있음,자주,높음,공격적,0.79,양부모,중간,불안,높음,없음,없음,3.1,3,공포,낯선 성인에 과도한 두려움
A0280,3,여아,불규칙,안정,없음,없음,낮음,중립,0.21,편부,낮음,우울,중간,약함,없음,2.8,3,중립,낮잠 시간에 울음을 터뜨림
A0281,2,여아,불규칙,공포,있음,드묾,중간,부정,0.68,양부모,높음,불안,중간,없음,없음,5.0,3,중립,교사에게 과도하게 의존함
A0282,4,남아,자주결석,안정,있음,자주,높음,공격적,0.72,양부모,높음,안정,높음,없음,없음,4.3,3,공포,자주 구석에 숨음
A0283,4,여아,정상,안정,없음,없음,낮음,중립,0.28,양부모,중간,불안,중간,강함,없음,1.5,0,중립,공격적인 놀이 패턴
A0284,5,여아,정상,안정,없음,없음,낮음,중립,0.34,편모,중간,안정,낮음,없음,없음,3.6,0,중립,다른 아이들과 어울리지 않음
A0285,4,여아,자주결석,공포,없음,없음,낮음,중립,0.22,양부모,높음,불안,낮음,없음,없음,4.4,2,중립,낮잠 중 자주 깸
A0286,3,남아,정상,안정,없음,드묾,높음,부정,0.55,양부모,높음,안정,높음,약함,없음,4.7,2,중립,공격적인 놀이 패턴
A0287,3,여아,불규칙,안정,없음,없음,낮음,중립,0.34,양부모,높음,안정,낮음,약함,없음,4.8,3,중립,낮잠 중 자주 깸
A0288,3,남아,정상,안정,없음,드묾,중간,공격적,0.57,편부,중간,불안,높음,없음,없음,3.8,2,중립,다른 아이들과 어울리지 않음
A0289,5,남아,정상,안정,없음,없음,낮음,중립,0.32,편부,낮음,불안,높음,강함,없음,0.0,2,중립,낮잠 중 자주 깸
A0290,2,남아,불규칙,안정,없음,자주,높음,부정,0.46,양부모,중간,안정,낮음,약함,없음,3.1,2,회피,다른 아이들과 어울리지 않음
A0291,5,여아,정상,공포,있음,자주,높음,부정,0.64,양부모,높음,안정,높음,없음,없음,4.7,0,회피,자주 구석에 숨음
A0292,5,여아,정상,안정,있음,드묾,중간,부정,0.51,양부모,중간,우울,낮음,약함,없음,2.8,1,회피,공격적인 놀이 패턴
A0293,4,남아,정상,안정,있음,자주,중간,공격적,0.56,양부모,낮음,불안,낮음,강함,없음,1.7,0,회피,신체 접촉을 회피함
A0294,2,남아,정상,안정,있음,자주,중간,공격적,0.47,양부모,낮음,안정,중간,약함,없음,0.8,0,중립,지속적인 침묵 상태
A0295,3,여아,불규칙,안정,없음,자주,중간,부정,0.52,편모,중간,불안,낮음,약함,없음,2.1,3,중립,교사에게 과도하게 의존함
A0296,5,남아,정상,안정,있음,자주,높음,공격적,0.82,양부모,중간,안정,높음,없음,없음,2.5,3,공포,자주 구석에 숨음
A0297,3,여아,정상,안정,있음,자주,높음,공격적,0.87,양부모,높음,우울,높음,약함,없음,4.5,3,공포,교사에게 과도하게 의존함
A0298,4,여아,정상,안정,없음,없음,낮음,중립,0.4,양부모,높음,불안,낮음,약함,없음,4.4,1,중립,다른 아이들과 어울리지 않음
A0299,3,여아,자주결석,안정,있음,드묾,중간,공격적,0.55,양부모,중간,안정,높음,강함,없음,1.8,3,회피,교사에게 과도하게 의존함
A0300,4,여아,정상,위축,있음,드묾,높음,부정,0.7,양부모,높음,안정,높음,없음,없음,4.8,1,회피,공격적인 놀이 패턴
A0301,5,여아,정상,안정,있음,자주,중간,부정,0.46,양부모,높음,안정,낮음,강함,없음,4.1,1,중립,자주 구석에 숨음
A0302,2,남아,정상,안정,없음,드묾,높음,공격적,0.63,편모,낮음,우울,낮음,약함,없음,1.8,1,회피,다른 아이들과 어울리지 않음
A0303,2,남아,정상,안정,없음,없음,낮음,중립,0.31,양부모,낮음,안정,낮음,약함,없음,2.0,3,중립,자주 구석에 숨음
A0304,3,남아,불규칙,안정,있음,자주,중간,공격적,0.66,양부모,중간,안정,중간,없음,없음,3.0,2,회피,신체 접촉을 회피함
A0305,4,남아,정상,안정,없음,자주,중간,공격적,0.46,양부모,높음,안정,높음,없음,없음,4.2,1,중립,낮잠 중 자주 깸
A0306,2,남아,정상,안정,없음,없음,낮음,중립,0.31,편모,낮음,불안,중간,강함,없음,3.8,0,중립,낮잠 시간에 울음을 터뜨림
A0307,3,남아,정상,안정,없음,드묾,중간,공격적,0.52,편모,낮음,안정,중간,약함,없음,1.9,2,회피,공격적인 놀이 패턴
A0308,4,남아,불규칙,안정,없음,없음,낮음,중립,0.25,양부모,높음,불안,높음,없음,없음,4.2,1,중립,공격적인 놀이 패턴
A0309,3,남아,정상,위축,없음,없음,낮음,중립,0.33,양부모,낮음,안정,높음,없음,없음,0.0,2,중립,낯선 성인에 과도한 두려움
A0310,5,남아,불규칙,안정,없음,자주,중간,부정,0.43,양부모,중간,불안,높음,없음,없음,4.6,3,중립,낮잠 중 자주 깸
A0311,2,남아,정상,안정,있음,드묾,높음,공격적,0.61,양부모,중간,안정,낮음,약함,없음,3.4,1,회피,낮잠 중 자주 깸
A0312,5,여아,정상,안정,없음,없음,낮음,중립,0.4,조부모,낮음,안정,높음,없음,없음,1.9,1,중립,지속적인 침묵 상태
A0313,3,여아,정상,위축,있음,드묾,높음,부정,0.43,편모,중간,우울,높음,없음,없음,3.3,1,회피,다른 아이들과 어울리지 않음
A0314,2,여아,정상,위축,있음,자주,높음,공격적,0.49,편모,낮음,불안,중간,강함,없음,1.9,2,회피,자주 구석에 숨음
A0315,5,남아,정상,안정,없음,드묾,중간,공격적,0.49,양부모,낮음,안정,중간,없음,없음,2.3,0,회피,낯선 성인에 과도한 두려움
A0316,5,여아,불규칙,위축,없음,드묾,높음,공격적,0.67,양부모,중간,안정,중간,강함,있음,2.8,2,회피,신체 접촉을 회피함
A0317,3,남아,정상,안정,없음,드묾,높음,부정,0.63,편모,중간,안정,중간,없음,없음,2.9,2,회피,지속적인 침묵 상태
A0318,5,남아,정상,안정,없음,자주,높음,공격적,0.62,양부모,높음,우울,중간,약함,없음,3.9,1,중립,낯선 성인에 과도한 두려움
A0319,2,남아,자주결석,안정,없음,자주,중간,공격적,0.41,양부모,높음,우울,높음,없음,없음,3.8,3,중립,낮잠 시간에 울음을 터뜨림
A0320,3,여아,정상,안정,없음,없음,낮음,중립,0.1,양부모,낮음,불안,낮음,강함,없음,3.4,3,중립,다른 아이들과 어울리지 않음
A0321,5,여아,정상,안정,없음,자주,높음,부정,0.44,조부모,낮음,불안,중간,약함,없음,2.7,0,중립,교사에게 과도하게 의존함
A0322,3,여아,정상,안정,있음,자주,높음,공격적,0.75,양부모,높음,안정,낮음,약함,없음,5.0,2,공포,불안정한 표정 지속
A0323,4,여아,정상,안정,있음,자주,중간,공격적,0.58,양부모,높음,안정,낮음,없음,없음,4.4,3,회피,불안정한 표정 지속
A0324,4,여아,정상,공포,없음,없음,낮음,중립,0.36,편부,낮음,불안,낮음,강함,없음,2.9,3,중립,자주 구석에 숨음
A0325,2,남아,정상,안정,있음,자주,높음,공격적,0.66,편모,낮음,불안,높음,약함,없음,1.5,1,중립,낮잠 중 자주 깸
A0326,3,여아,정상,안정,있음,자주,높음,공격적,0.56,양부모,중간,불안,높음,없음,없음,1.4,2,회피,자주 구석에 숨음
A0327,3,여아,정상,안정,없음,없음,낮음,중립,0.39,양부모,높음,우울,높음,약함,없음,4.3,3,중립,공격적인 놀이 패턴
A0328,4,남아,정상,안정,있음,자주,높음,부정,0.48,양부모,높음,안정,중간,약함,없음,4.4,0,회피,신체 접촉을 회피함
A0329,3,여아,정상,공포,있음,자주,높음,공격적,0.71,양부모,중간,불안,높음,없음,없음,2.8,1,공포,낯선 성인에 과도한 두려움
A0330,4,남아,불규칙,공포,없음,없음,낮음,중립,0.22,양부모,중간,안정,중간,약함,없음,4.1,1,중립,낮잠 시간에 울음을 터뜨림
A0331,4,남아,자주결석,안정,없음,자주,높음,부정,0.61,양부모,낮음,안정,높음,없음,없음,0.5,2,회피,교사에게 과도하게 의존함
A0332,2,여아,정상,안정,없음,자주,중간,부정,0.46,편모,낮음,우울,높음,약함,없음,0.6,1,중립,다른 아이들과 어울리지 않음
A0333,2,여아,정상,안정,없음,드묾,중간,부정,0.49,양부모,높음,안정,높음,없음,없음,4.7,0,회피,교사에게 과도하게 의존함
A0334,2,여아,정상,위축,있음,자주,높음,공격적,0.6,양부모,낮음,불안,높음,약함,없음,0.6,1,회피,낮잠 중 자주 깸
A0335,5,여아,정상,안정,있음,자주,높음,공격적,0.71,조부모,낮음,안정,높음,없음,없음,0.6,3,공포,교사에게 과도하게 의존함
A0336,4,남아,정상,공포,없음,없음,낮음,중립,0.37,양부모,낮음,불안,중간,약함,없음,3.4,3,중립,낮잠 시간에 울음을 터뜨림
A0337,5,남아,정상,공포,있음,자주,중간,공격적,0.66,양부모,높음,불안,높음,없음,없음,4.8,3,회피,자주 구석에 숨음
A0338,4,여아,불규칙,안정,있음,자주,높음,부정,0.69,양부모,낮음,안정,높음,강함,있음,2.5,0,회피,자주 구석에 숨음
A0339,2,남아,정상,안정,없음,없음,낮음,중립,0.25,양부모,높음,안정,낮음,약함,없음,4.7,2,중립,낮잠 시간에 울음을 터뜨림
A0340,4,남아,정상,위축,있음,자주,높음,공격적,0.96,편모,낮음,안정,중간,없음,없음,1.5,0,공포,신체 접촉을 회피함
A0341,4,남아,정상,안정,없음,드묾,높음,공격적,0.56,양부모,중간,불안,낮음,약함,없음,2.5,0,중립,불안정한 표정 지속
A0342,3,남아,정상,위축,없음,없음,낮음,중립,0.15,양부모,중간,안정,중간,약함,없음,3.8,0,중립,낮잠 중 자주 깸
A0343,4,남아,정상,안정,없음,없음,낮음,중립,0.28,양부모,높음,안정,높음,없음,없음,4.7,2,중립,낮잠 시간에 울음을 터뜨림
A0344,3,여아,정상,위축,없음,없음,낮음,중립,0.24,양부모,높음,안정,높음,없음,없음,4.4,1,중립,다른 아이들과 어울리지 않음
A0345,2,여아,정상,안정,없음,자주,중간,부정,0.46,양부모,높음,안정,높음,없음,없음,4.6,3,중립,낮잠 시간에 울음을 터뜨림
A0346,2,여아,정상,안정,없음,자주,중간,부정,0.65,양부모,중간,안정,낮음,약함,없음,1.8,0,회피,다른 아이들과 어울리지 않음
A0347,5,남아,정상,안정,없음,없음,낮음,중립,0.31,양부모,중간,안정,높음,없음,없음,4.4,0,중립,낮잠 시간에 울음을 터뜨림
A0348,5,남아,정상,위축,없음,드묾,중간,공격적,0.65,양부모,높음,안정,중간,약함,없음,4.8,1,회피,자주 구석에 숨음
A0349,5,여아,정상,안정,있음,자주,높음,공격적,0.85,편모,낮음,우울,낮음,약함,없음,2.7,2,공포,낮잠 시간에 울음을 터뜨림
A0350,3,여아,정상,안정,없음,없음,낮음,중립,0.14,편부,중간,불안,낮음,약함,없음,3.3,0,중립,지속적인 침묵 상태
A0351,4,여아,정상,안정,있음,자주,중간,부정,0.41,양부모,높음,우울,중간,약함,없음,4.2,2,회피,신체 접촉을 회피함
A0352,3,여아,정상,안정,없음,없음,낮음,중립,0.25,양부모,중간,우울,중간,약함,없음,3.3,2,중립,낮잠 중 자주 깸
A0353,4,남아,정상,위축,있음,드묾,중간,공격적,0.46,편모,낮음,안정,낮음,없음,없음,4.5,2,회피,낮잠 중 자주 깸
A0354,4,여아,불규칙,안정,있음,자주,높음,공격적,0.41,양부모,중간,안정,높음,없음,없음,2.4,0,중립,지속적인 침묵 상태
A0355,3,여아,정상,안정,없음,없음,낮음,중립,0.28,편부,낮음,안정,중간,강함,없음,2.6,3,중립,공격적인 놀이 패턴
A0356,5,여아,정상,위축,없음,없음,낮음,중립,0.22,편부,낮음,안정,중간,약함,없음,3.0,0,중립,낮잠 시간에 울음을 터뜨림
A0357,2,남아,정상,안정,없음,없음,낮음,중립,0.35,편모,낮음,안정,중간,약함,없음,1.6,1,중립,신체 접촉을 회피함
A0358,4,여아,정상,안정,없음,자주,높음,부정,0.42,편모,낮음,우울,높음,약함,없음,2.1,1,중립,낮잠 중 자주 깸
A0359,2,남아,정상,안정,없음,없음,낮음,중립,0.4,양부모,중간,안정,중간,없음,없음,2.6,1,중립,자주 구석에 숨음
A0360,2,여아,정상,안정,없음,자주,중간,공격적,0.59,양부모,높음,안정,중간,약함,없음,4.8,0,회피,자주 구석에 숨음
A0361,2,남아,정상,안정,있음,자주,높음,공격적,0.72,양부모,낮음,안정,중간,없음,없음,4.9,0,공포,교사에게 과도하게 의존함
A0362,3,남아,불규칙,공포,없음,없음,낮음,중립,0.32,편모,낮음,안정,높음,약함,없음,1.8,2,중립,공격적인 놀이 패턴
A0363,5,여아,자주결석,안정,있음,드묾,중간,부정,0.65,양부모,중간,안정,낮음,약함,없음,4.2,0,중립,다른 아이들과 어울리지 않음
A0364,4,여아,불규칙,위축,있음,드묾,높음,공격적,0.51,양부모,낮음,안정,낮음,약함,없음,2.5,0,회피,신체 접촉을 회피함
A0365,5,여아,불규칙,안정,있음,자주,높음,공격적,0.73,양부모,낮음,안정,높음,없음,없음,2.2,3,공포,불안정한 표정 지속
A0366,4,여아,정상,안정,없음,자주,높음,부정,0.55,편모,낮음,불안,낮음,강함,없음,2.5,2,회피,다른 아이들과 어울리지 않음
A0367,4,여아,정상,안정,있음,드묾,높음,부정,0.48,편모,중간,안정,중간,없음,없음,2.0,3,회피,공격적인 놀이 패턴
A0368,4,여아,정상,위축,없음,자주,중간,부정,0.51,양부모,낮음,우울,낮음,강함,없음,3.6,1,중립,신체 접촉을 회피함
A0369,2,여아,정상,위축,없음,없음,낮음,중립,0.3,편모,중간,안정,낮음,없음,없음,2.6,0,중립,자주 구석에 숨음
A0370,4,여아,정상,공포,없음,드묾,높음,부정,0.68,편부,중간,불안,높음,없음,없음,3.9,3,회피,자주 구석에 숨음
A0371,3,여아,정상,위축,있음,자주,높음,공격적,0.79,양부모,중간,불안,낮음,강함,있음,3.4,0,공포,낮잠 시간에 울음을 터뜨림
A0372,3,여아,정상,공포,있음,자주,높음,공격적,0.73,편모,낮음,안정,중간,약함,없음,1.9,3,공포,불안정한 표정 지속
A0373,5,여아,정상,안정,없음,드묾,중간,부정,0.66,양부모,중간,안정,높음,없음,없음,3.2,3,중립,자주 구석에 숨음
A0374,3,여아,정상,안정,없음,드묾,중간,공격적,0.59,양부모,높음,안정,높음,없음,없음,4.7,0,회피,낯선 성인에 과도한 두려움
A0375,3,남아,정상,안정,없음,없음,낮음,중립,0.39,양부모,중간,불안,높음,없음,없음,2.3,1,중립,신체 접촉을 회피함
A0376,2,여아,불규칙,위축,없음,자주,중간,부정,0.66,양부모,낮음,안정,높음,없음,없음,1.8,3,중립,낮잠 중 자주 깸
A0377,2,여아,정상,안정,있음,자주,높음,공격적,0.58,양부모,중간,불안,높음,약함,없음,3.5,0,중립,낮잠 중 자주 깸
A0378,3,여아,정상,안정,없음,없음,낮음,중립,0.14,편모,낮음,우울,높음,강함,없음,3.0,1,중립,교사에게 과도하게 의존함
A0379,3,남아,정상,안정,없음,자주,중간,공격적,0.47,양부모,중간,불안,높음,없음,없음,4.5,1,중립,낯선 성인에 과도한 두려움
A0380,4,여아,정상,안정,없음,없음,낮음,중립,0.33,양부모,높음,불안,중간,강함,없음,4.4,1,중립,공격적인 놀이 패턴
A0381,5,남아,정상,위축,없음,없음,낮음,중립,0.0,양부모,높음,안정,중간,없음,없음,4.6,3,중립,낯선 성인에 과도한 두려움
A0382,4,여아,자주결석,안정,있음,자주,중간,부정,0.66,양부모,높음,우울,높음,없음,없음,4.6,3,회피,낮잠 중 자주 깸
A0383,4,남아,정상,안정,있음,드묾,높음,공격적,0.55,양부모,높음,우울,높음,약함,없음,4.1,2,중립,신체 접촉을 회피함
A0384,3,여아,불규칙,위축,있음,자주,높음,부정,0.53,편모,낮음,불안,높음,약함,없음,2.2,1,회피,불안정한 표정 지속
A0385,5,남아,정상,안정,있음,자주,높음,공격적,0.76,양부모,중간,우울,중간,없음,없음,2.5,0,공포,불안정한 표정 지속
A0386,3,여아,불규칙,안정,없음,없음,낮음,중립,0.33,양부모,중간,안정,높음,없음,없음,2.6,3,중립,교사에게 과도하게 의존함
A0387,3,여아,불규칙,안정,없음,없음,낮음,중립,0.39,양부모,낮음,불안,낮음,약함,없음,2.3,2,중립,자주 구석에 숨음
A0388,4,남아,정상,위축,없음,자주,높음,공격적,0.53,양부모,낮음,안정,높음,없음,없음,1.5,3,중립,지속적인 침묵 상태
A0389,5,남아,정상,안정,없음,자주,중간,공격적,0.43,양부모,중간,불안,높음,없음,없음,3.8,0,중립,지속적인 침묵 상태
A0390,5,여아,정상,공포,있음,자주,높음,공격적,0.79,양부모,중간,안정,높음,강함,있음,3.3,2,공포,자주 구석에 숨음
A0391,2,여아,정상,위축,없음,자주,높음,부정,0.42,편모,낮음,불안,낮음,약함,없음,2.4,1,중립,다른 아이들과 어울리지 않음
A0392,3,여아,정상,안정,있음,자주,중간,공격적,0.53,편모,낮음,안정,높음,없음,없음,1.2,1,회피,자주 구석에 숨음
A0393,2,여아,정상,안정,없음,없음,낮음,중립,0.25,양부모,높음,안정,낮음,약함,없음,4.6,3,중립,공격적인 놀이 패턴
A0394,5,여아,정상,공포,있음,자주,높음,공격적,0.71,양부모,높음,불안,높음,없음,없음,4.4,3,공포,지속적인 침묵 상태
A0395,2,남아,정상,안정,없음,자주,중간,부정,0.48,편모,낮음,안정,높음,없음,없음,2.4,3,회피,지속적인 침묵 상태
A0396,3,남아,자주결석,공포,없음,없음,낮음,중립,0.18,양부모,낮음,안정,낮음,강함,없음,2.4,2,중립,불안정한 표정 지속
A0397,2,남아,정상,안정,없음,없음,낮음,중립,0.2,양부모,중간,안정,낮음,없음,없음,3.9,1,중립,지속적인 침묵 상태
A0398,2,남아,정상,안정,있음,자주,높음,공격적,0.89,양부모,중간,우울,높음,없음,없음,2.5,1,공포,낮잠 시간에 울음을 터뜨림
A0399,5,여아,자주결석,공포,없음,자주,중간,부정,0.47,양부모,높음,불안,중간,약함,없음,4.4,0,회피,불안정한 표정 지속
A0400,4,남아,정상,안정,없음,없음,낮음,중립,0.28,양부모,높음,우울,높음,없음,없음,4.5,0,중립,다른 아이들과 어울리지 않음
A0401,5,여아,자주결석,공포,있음,자주,높음,공격적,0.86,양부모,높음,불안,높음,없음,없음,4.7,0,공포,교사에게 과도하게 의존함
A0402,5,남아,정상,위축,있음,자주,높음,공격적,0.83,양부모,중간,우울,중간,없음,없음,1.5,2,공포,공격적인 놀이 패턴
A0403,5,여아,자주결석,안정,있음,자주,높음,공격적,0.82,편모,낮음,우울,낮음,약함,없음,1.8,3,공포,공격적인 놀이 패턴
A0404,4,남아,정상,안정,없음,없음,낮음,중립,0.33,양부모,낮음,불안,낮음,강함,없음,2.4,2,중립,낮잠 시간에 울음을 터뜨림
A0405,2,남아,정상,안정,있음,드묾,높음,부정,0.46,편모,중간,안정,높음,없음,없음,2.7,2,회피,다른 아이들과 어울리지 않음
A0406,5,여아,불규칙,안정,있음,자주,높음,공격적,0.76,양부모,높음,안정,중간,강함,있음,4.7,2,공포,신체 접촉을 회피함
A0407,5,여아,정상,안정,있음,자주,높음,공격적,0.75,편모,낮음,안정,중간,약함,없음,2.0,3,공포,낯선 성인에 과도한 두려움
A0408,4,남아,정상,공포,없음,드묾,높음,공격적,0.51,편부,중간,안정,낮음,약함,없음,3.2,0,중립,불안정한 표정 지속
A0409,4,여아,불규칙,안정,있음,자주,높음,공격적,0.84,양부모,높음,안정,높음,없음,없음,4.4,0,공포,신체 접촉을 회피함
A0410,4,여아,불규칙,위축,없음,드묾,중간,공격적,0.54,양부모,중간,우울,높음,약함,없음,4.3,1,회피,교사에게 과도하게 의존함
A0411,2,여아,자주결석,안정,있음,드묾,높음,공격적,0.48,양부모,높음,안정,낮음,약함,없음,4.5,2,회피,신체 접촉을 회피함
A0412,2,여아,불규칙,안정,없음,자주,중간,공격적,0.54,편모,낮음,불안,높음,약함,없음,1.3,3,회피,신체 접촉을 회피함
A0413,3,남아,정상,안정,없음,자주,중간,부정,0.69,편부,중간,안정,높음,없음,없음,3.2,2,중립,다른 아이들과 어울리지 않음
A0414,4,남아,정상,위축,없음,자주,높음,공격적,0.55,양부모,중간,불안,높음,약함,없음,2.7,1,회피,공격적인 놀이 패턴
A0415,3,여아,정상,안정,있음,드묾,중간,공격적,0.43,편모,중간,불안,중간,약함,없음,3.1,3,중립,신체 접촉을 회피함
A0416,3,여아,불규칙,안정,없음,드묾,높음,공격적,0.48,양부모,중간,우울,낮음,약함,없음,2.5,0,회피,지속적인 침묵 상태
A0417,3,남아,정상,공포,없음,없음,낮음,중립,0.35,양부모,중간,안정,중간,없음,없음,3.4,3,중립,교사에게 과도하게 의존함
A0418,3,남아,불규칙,위축,없음,자주,높음,공격적,0.5,양부모,낮음,우울,낮음,약함,없음,0.0,2,회피,지속적인 침묵 상태
A0419,4,남아,정상,안정,없음,자주,중간,부정,0.54,양부모,중간,안정,낮음,강함,없음,3.5,1,회피,불안정한 표정 지속
A0420,5,남아,정상,공포,없음,없음,낮음,중립,0.28,편부,낮음,우울,중간,약함,없음,4.5,1,중립,낮잠 중 자주 깸
A0421,5,남아,정상,안정,있음,자주,높음,부정,0.53,편모,중간,불안,높음,없음,없음,2.7,0,회피,낮잠 중 자주 깸
A0422,3,여아,자주결석,안정,있음,자주,중간,공격적,0.41,양부모,중간,안정,높음,없음,없음,2.1,1,회피,불안정한 표정 지속
A0423,3,여아,불규칙,위축,없음,없음,낮음,중립,0.39,양부모,중간,안정,높음,약함,없음,2.6,0,중립,교사에게 과도하게 의존함
A0424,3,남아,정상,안정,없음,자주,중간,공격적,0.41,조부모,낮음,안정,높음,없음,없음,4.6,3,중립,낯선 성인에 과도한 두려움
A0425,4,남아,자주결석,안정,있음,드묾,높음,공격적,0.58,양부모,높음,불안,높음,약함,없음,4.3,0,회피,불안정한 표정 지속
A0426,4,남아,불규칙,공포,있음,자주,중간,공격적,0.59,양부모,낮음,우울,낮음,약함,없음,0.8,0,중립,신체 접촉을 회피함
A0427,5,남아,정상,공포,없음,없음,낮음,중립,0.15,양부모,높음,불안,높음,없음,없음,4.2,0,중립,다른 아이들과 어울리지 않음
A0428,2,여아,불규칙,안정,없음,자주,높음,공격적,0.47,양부모,중간,우울,낮음,약함,없음,2.9,1,회피,불안정한 표정 지속
A0429,5,남아,정상,공포,없음,드묾,중간,공격적,0.63,조부모,낮음,우울,높음,약함,없음,3.0,0,회피,지속적인 침묵 상태
A0430,3,남아,정상,안정,있음,자주,높음,공격적,0.5,편부,낮음,불안,중간,강함,없음,2.2,0,중립,지속적인 침묵 상태
A0431,2,남아,정상,안정,없음,자주,중간,공격적,0.64,양부모,중간,불안,높음,없음,없음,4.1,1,회피,낮잠 시간에 울음을 터뜨림
A0432,3,남아,불규칙,위축,없음,드묾,중간,부정,0.45,양부모,낮음,안정,높음,없음,없음,0.9,0,회피,낮잠 시간에 울음을 터뜨림
A0433,2,남아,정상,안정,없음,없음,낮음,중립,0.17,편모,낮음,불안,낮음,약함,없음,2.7,1,중립,교사에게 과도하게 의존함
A0434,2,남아,불규칙,위축,있음,드묾,높음,공격적,0.5,양부모,높음,불안,높음,없음,없음,4.3,1,회피,불안정한 표정 지속
A0435,5,남아,정상,안정,있음,드묾,높음,부정,0.48,양부모,중간,안정,높음,없음,없음,3.5,0,중립,낮잠 중 자주 깸
A0436,3,여아,정상,안정,없음,없음,낮음,중립,0.37,편모,중간,우울,중간,약함,없음,1.7,3,중립,지속적인 침묵 상태
A0437,4,여아,자주결석,안정,있음,드묾,높음,공격적,0.47,양부모,낮음,안정,높음,없음,없음,2.5,3,중립,낯선 성인에 과도한 두려움
A0438,5,남아,정상,안정,없음,자주,중간,공격적,0.67,양부모,중간,안정,낮음,약함,없음,2.0,3,중립,불안정한 표정 지속
A0439,5,여아,정상,안정,없음,없음,낮음,중립,0.25,양부모,높음,안정,높음,없음,없음,4.3,0,중립,다른 아이들과 어울리지 않음
A0440,2,여아,정상,안정,있음,자주,높음,공격적,0.89,양부모,높음,우울,낮음,약함,없음,4.4,3,공포,신체 접촉을 회피함
A0441,5,여아,정상,안정,없음,드묾,높음,부정,0.53,양부모,중간,우울,높음,약함,없음,2.7,0,회피,공격적인 놀이 패턴
A0442,2,남아,정상,안정,있음,자주,높음,공격적,0.71,편모,중간,안정,높음,없음,없음,2.9,1,공포,교사에게 과도하게 의존함
A0443,4,남아,정상,안정,있음,자주,높음,공격적,0.85,양부모,높음,불안,중간,약함,없음,4.2,1,공포,불안정한 표정 지속
A0444,5,여아,불규칙,안정,없음,드묾,높음,부정,0.42,양부모,중간,불안,높음,없음,없음,3.4,1,중립,지속적인 침묵 상태
A0445,2,여아,정상,위축,있음,자주,높음,부정,0.68,양부모,높음,안정,중간,강함,있음,4.7,1,회피,낯선 성인에 과도한 두려움
A0446,2,여아,정상,안정,없음,없음,낮음,중립,0.16,양부모,중간,우울,낮음,약함,없음,2.2,3,중립,다른 아이들과 어울리지 않음
A0447,3,남아,정상,공포,있음,드묾,중간,공격적,0.58,양부모,중간,안정,높음,없음,없음,1.6,1,회피,자주 구석에 숨음
A0448,2,여아,자주결석,안정,있음,드묾,중간,부정,0.69,양부모,높음,불안,높음,없음,없음,4.9,1,중립,지속적인 침묵 상태
A0449,3,남아,불규칙,위축,없음,없음,낮음,중립,0.27,양부모,중간,안정,높음,약함,없음,4.3,2,중립,다른 아이들과 어울리지 않음
A0450,4,남아,정상,위축,없음,자주,높음,공격적,0.51,양부모,높음,안정,높음,없음,없음,5.0,1,중립,공격적인 놀이 패턴
A0451,3,여아,불규칙,안정,없음,자주,높음,부정,0.65,양부모,낮음,안정,높음,없음,없음,1.8,3,중립,자주 구석에 숨음
A0452,3,남아,불규칙,공포,없음,자주,높음,부정,0.44,편부,낮음,불안,낮음,약함,없음,3.7,2,회피,신체 접촉을 회피함
A0453,4,남아,정상,안정,없음,없음,낮음,중립,0.32,양부모,높음,안정,낮음,강함,없음,4.4,0,중립,공격적인 놀이 패턴
A0454,4,여아,정상,안정,없음,없음,낮음,중립,0.34,편모,중간,안정,낮음,약함,없음,3.2,3,중립,공격적인 놀이 패턴
A0455,2,남아,정상,위축,있음,자주,중간,공격적,0.55,양부모,높음,우울,높음,없음,없음,4.7,0,회피,교사에게 과도하게 의존함
A0456,4,여아,정상,안정,없음,자주,높음,공격적,0.62,양부모,중간,우울,낮음,없음,없음,3.2,2,회피,자주 구석에 숨음
A0457,3,남아,정상,공포,있음,자주,중간,부정,0.55,양부모,중간,안정,낮음,없음,없음,3.1,0,회피,낮잠 시간에 울음을 터뜨림
A0458,2,남아,불규칙,위축,없음,없음,낮음,중립,0.34,편모,중간,안정,높음,약함,없음,3.1,3,중립,낯선 성인에 과도한 두려움
A0459,2,여아,정상,위축,있음,드묾,중간,부정,0.59,양부모,높음,안정,중간,없음,없음,4.9,0,회피,지속적인 침묵 상태
A0460,5,여아,정상,위축,없음,없음,낮음,중립,0.38,양부모,높음,우울,높음,없음,없음,4.7,3,중립,자주 구석에 숨음
A0461,3,남아,정상,위축,없음,없음,낮음,중립,0.38,양부모,높음,불안,높음,없음,없음,4.6,2,중립,낮잠 중 자주 깸
A0462,5,여아,정상,안정,있음,자주,높음,공격적,0.73,양부모,높음,안정,높음,없음,없음,4.5,1,공포,교사에게 과도하게 의존함
A0463,4,남아,불규칙,안정,없음,없음,낮음,중립,0.39,양부모,중간,불안,낮음,강함,없음,3.1,3,중립,낯선 성인에 과도한 두려움
A0464,2,여아,정상,안정,있음,드묾,높음,공격적,0.54,양부모,중간,안정,높음,없음,없음,3.5,2,회피,불안정한 표정 지속
A0465,2,여아,정상,안정,없음,없음,낮음,중립,0.33,양부모,높음,불안,높음,없음,없음,4.3,2,중립,신체 접촉을 회피함
A0466,2,남아,불규칙,공포,있음,드묾,중간,부정,0.53,양부모,낮음,불안,높음,약함,없음,1.5,0,중립,자주 구석에 숨음
A0467,3,여아,정상,안정,없음,드묾,높음,공격적,0.41,양부모,중간,불안,낮음,없음,없음,2.9,0,중립,낮잠 중 자주 깸
A0468,5,남아,정상,안정,있음,자주,중간,부정,0.54,양부모,높음,안정,낮음,약함,없음,5.0,2,회피,다른 아이들과 어울리지 않음
A0469,5,여아,정상,위축,없음,자주,중간,부정,0.56,양부모,높음,불안,중간,없음,없음,4.4,2,회피,낮잠 시간에 울음을 터뜨림
A0470,4,여아,정상,공포,없음,없음,낮음,중립,0.39,편모,중간,안정,중간,없음,없음,3.4,3,중립,다른 아이들과 어울리지 않음
A0471,5,여아,정상,안정,있음,드묾,중간,부정,0.48,편부,중간,불안,높음,없음,없음,2.0,1,중립,공격적인 놀이 패턴
A0472,2,남아,정상,안정,없음,없음,낮음,중립,0.29,편부,중간,우울,중간,약함,없음,1.7,3,중립,낮잠 시간에 울음을 터뜨림
A0473,4,여아,정상,안정,없음,없음,낮음,중립,0.36,양부모,높음,안정,중간,없음,없음,4.4,1,중립,불안정한 표정 지속
A0474,5,남아,정상,안정,있음,자주,중간,부정,0.63,편부,낮음,안정,높음,없음,없음,0.3,0,회피,다른 아이들과 어울리지 않음
A0475,3,남아,정상,안정,없음,드묾,중간,공격적,0.41,양부모,높음,우울,높음,없음,없음,4.9,0,중립,다른 아이들과 어울리지 않음
A0476,4,남아,정상,안정,없음,없음,낮음,중립,0.3,양부모,중간,안정,높음,없음,없음,3.5,0,중립,낮잠 시간에 울음을 터뜨림
A0477,5,여아,정상,안정,있음,드묾,높음,부정,0.52,편부,중간,안정,낮음,없음,없음,2.8,2,회피,자주 구석에 숨음
A0478,4,여아,자주결석,공포,있음,자주,높음,공격적,0.89,양부모,중간,우울,낮음,강함,있음,3.5,2,공포,자주 구석에 숨음
A0479,3,남아,정상,위축,있음,자주,높음,공격적,0.78,편모,낮음,우울,중간,약함,없음,2.0,3,공포,공격적인 놀이 패턴
A0480,2,여아,정상,안정,없음,드묾,높음,공격적,0.45,편모,낮음,불안,중간,강함,없음,0.8,1,중립,신체 접촉을 회피함
A0481,4,여아,불규칙,안정,없음,없음,낮음,중립,0.29,양부모,중간,안정,낮음,약함,없음,3.9,1,중립,낮잠 시간에 울음을 터뜨림
A0482,5,여아,불규칙,안정,없음,없음,낮음,중립,0.28,양부모,높음,안정,높음,없음,없음,4.3,2,중립,지속적인 침묵 상태
A0483,3,남아,정상,위축,있음,자주,높음,공격적,0.73,편부,중간,우울,높음,없음,없음,2.0,3,공포,낮잠 시간에 울음을 터뜨림
A0484,5,여아,정상,위축,있음,자주,중간,공격적,0.56,양부모,중간,불안,중간,약함,없음,3.3,3,중립,자주 구석에 숨음
A0485,2,남아,정상,공포,있음,드묾,높음,공격적,0.58,양부모,중간,우울,중간,없음,없음,2.8,3,중립,공격적인 놀이 패턴
A0486,2,남아,정상,위축,있음,드묾,중간,공격적,0.66,양부모,중간,안정,높음,없음,없음,3.1,1,중립,불안정한 표정 지속
A0487,4,여아,정상,위축,있음,드묾,중간,공격적,0.62,양부모,높음,안정,낮음,약함,없음,4.5,3,회피,낮잠 중 자주 깸
A0488,4,여아,자주결석,안정,없음,드묾,높음,공격적,0.45,양부모,중간,불안,중간,없음,없음,2.9,3,중립,낮잠 시간에 울음을 터뜨림
A0489,4,남아,자주결석,안정,있음,자주,높음,공격적,0.78,양부모,낮음,불안,높음,약함,없음,2.0,3,공포,낮잠 중 자주 깸
A0490,3,남아,정상,안정,없음,드묾,중간,공격적,0.45,양부모,낮음,불안,낮음,약함,없음,2.7,3,중립,공격적인 놀이 패턴
A0491,4,여아,정상,안정,있음,드묾,중간,공격적,0.56,양부모,중간,안정,높음,없음,없음,3.4,0,중립,다른 아이들과 어울리지 않음
A0492,5,여아,정상,위축,없음,드묾,높음,공격적,0.6,편부,낮음,불안,높음,약함,없음,0.8,1,회피,교사에게 과도하게 의존함
A0493,4,남아,정상,안정,없음,드묾,중간,공격적,0.65,양부모,높음,안정,중간,없음,없음,4.0,2,회피,다른 아이들과 어울리지 않음
A0494,3,여아,정상,공포,없음,자주,높음,공격적,0.64,편부,낮음,불안,낮음,약함,없음,3.0,2,중립,낮잠 중 자주 깸
A0495,4,남아,정상,안정,없음,자주,중간,공격적,0.54,양부모,중간,불안,낮음,약함,없음,4.1,0,중립,신체 접촉을 회피함
A0496,4,여아,정상,공포,없음,자주,높음,부정,0.43,양부모,낮음,안정,높음,약함,없음,1.9,0,중립,다른 아이들과 어울리지 않음
A0497,5,여아,정상,공포,없음,없음,낮음,중립,0.28,양부모,낮음,불안,중간,약함,없음,1.7,0,중립,다른 아이들과 어울리지 않음
A0498,4,여아,정상,공포,있음,드묾,중간,부정,0.57,양부모,높음,우울,높음,없음,없음,4.4,1,중립,지속적인 침묵 상태
A0499,4,여아,정상,안정,없음,드묾,높음,공격적,0.52,편부,낮음,불안,높음,강함,없음,1.3,2,회피,공격적인 놀이 패턴
A0500,5,남아,정상,안정,없음,없음,낮음,중립,0.36,편모,낮음,우울,낮음,강함,없음,2.7,0,중립,공격적인 놀이 패턴
